{
    "uv_inpainting_time": 65.59781432151794,
    "uv_tile_time": 0,
    "total_time": 65.59781432151794
}