{
    "uv_inpainting_time": 64.95953369140625,
    "uv_tile_time": 0,
    "total_time": 64.95953369140625
}