{
    "uv_inpainting_time": 65.74609851837158,
    "uv_tile_time": 0,
    "total_time": 65.74609851837158
}